slug,nivel,url
100-selflessness,B,https://www.manhwatonovel.com/novela/100-selflessness/
120-dias-de-matrimonio-por-contrato,B,https://www.manhwatonovel.com/novela/120-dias-de-matrimonio-por-contrato/
academia-de-preparacion,B,https://www.manhwatonovel.com/novela/academia-de-preparacion/
academic-overlord-el-proveedor-de-clase-f-renace-como-el-mago-legendario-definit,B,https://www.manhwatonovel.com/novela/academic-overlord-el-proveedor-de-clase-f-renace-como-el-mago-legendario-definit/
accidentalmente-me-hice-famoso-a-lo-largo-de-la-historia,B,https://www.manhwatonovel.com/novela/accidentalmente-me-hice-famoso-a-lo-largo-de-la-historia/
actue-como-un-jefecito-final-sr-devorador,B,https://www.manhwatonovel.com/novela/actue-como-un-jefecito-final-sr-devorador/
acumulo-experiencia-leyendo-libros,B,https://www.manhwatonovel.com/novela/acumulo-experiencia-leyendo-libros/
acumulo-vida-infinita-con-mis-ataques-basicos-destruyo-a-los-dioses-de-un-solo-g,B,https://www.manhwatonovel.com/novela/acumulo-vida-infinita-con-mis-ataques-basicos-destruyo-a-los-dioses-de-un-solo-g/
addiction-man,B,https://www.manhwatonovel.com/novela/addiction-man/
adopte-al-protagonista-masculino-de-un-refugio-para-prisioneros,B,https://www.manhwatonovel.com/novela/adopte-al-protagonista-masculino-de-un-refugio-para-prisioneros/
adult-deviant-picture-book,B,https://www.manhwatonovel.com/novela/adult-deviant-picture-book/
akari-la-jefa-final-voy-a-la-era-moderna-para-encontrar-a-alguien-mas-fuerte-que,B,https://www.manhwatonovel.com/novela/akari-la-jefa-final-voy-a-la-era-moderna-para-encontrar-a-alguien-mas-fuerte-que/
aku-no-kadou-o-ikimashou,B,https://www.manhwatonovel.com/novela/aku-no-kadou-o-ikimashou/
algo-imposible,B,https://www.manhwatonovel.com/novela/algo-imposible/
amor-a-la-vista,B,https://www.manhwatonovel.com/novela/amor-a-la-vista/
amor-fantasmal,B,https://www.manhwatonovel.com/novela/amor-fantasmal/
amor-yoga,B,https://www.manhwatonovel.com/novela/amor-yoga/
animadora,B,https://www.manhwatonovel.com/novela/animadora/
antologia-criminal-yuri-sumergidas-en-el-delito,B,https://www.manhwatonovel.com/novela/antologia-criminal-yuri-sumergidas-en-el-delito/
antologia-ntr,B,https://www.manhwatonovel.com/novela/antologia-ntr/
apartamento-moderno-gyeongseong-1930,B,https://www.manhwatonovel.com/novela/apartamento-moderno-gyeongseong-1930/
aquella-vez-que-fui-chantajeada-por-la-perra-del-te-verde-de-la-clase-1-tempo,B,https://www.manhwatonovel.com/novela/aquella-vez-que-fui-chantajeada-por-la-perra-del-te-verde-de-la-clase-1-tempo/
aqui-puedes-tocar,B,https://www.manhwatonovel.com/novela/aqui-puedes-tocar/
archivo-xxx,B,https://www.manhwatonovel.com/novela/archivo-xxx/
armagedon-glacial-no-hay-vuelta-atras,B,https://www.manhwatonovel.com/novela/armagedon-glacial-no-hay-vuelta-atras/
arrodillese-su-majestad,B,https://www.manhwatonovel.com/novela/arrodillese-su-majestad/
artes-marciales-supremas-puedo-aplastar-dioses-con-una-sola-mano,B,https://www.manhwatonovel.com/novela/artes-marciales-supremas-puedo-aplastar-dioses-con-una-sola-mano/
asesino-de-nivel-divino,B,https://www.manhwatonovel.com/novela/asesino-de-nivel-divino/
asistente-en-jefe,B,https://www.manhwatonovel.com/novela/asistente-en-jefe/
asociacion-de-mujeres-de-la-aldea-dae-bong,B,https://www.manhwatonovel.com/novela/asociacion-de-mujeres-de-la-aldea-dae-bong/
asuntos-bestiales,B,https://www.manhwatonovel.com/novela/asuntos-bestiales/
atrapada-entre-dos-hombres,B,https://www.manhwatonovel.com/novela/atrapada-entre-dos-hombres/
aunque-seas-pequeno-xx-es-grande-verdad,B,https://www.manhwatonovel.com/novela/aunque-seas-pequeno-xx-es-grande-verdad/
berryfans,B,https://www.manhwatonovel.com/novela/berryfans/
cara-feliz-de-esclavo-a-leyenda-de-la-arena,B,https://www.manhwatonovel.com/novela/cara-feliz-de-esclavo-a-leyenda-de-la-arena/
casa-del-posadero,B,https://www.manhwatonovel.com/novela/casa-del-posadero/
cazador-de-gachas-de-clase-sss,B,https://www.manhwatonovel.com/novela/cazador-de-gachas-de-clase-sss/
cazador-diurno,B,https://www.manhwatonovel.com/novela/cazador-diurno/
cazadores-de-mazmorras,B,https://www.manhwatonovel.com/novela/cazadores-de-mazmorras/
cazando-madres,B,https://www.manhwatonovel.com/novela/cazando-madres/
centinela-de-la-humanidad,B,https://www.manhwatonovel.com/novela/centinela-de-la-humanidad/
chica-condenada,B,https://www.manhwatonovel.com/novela/chica-condenada/
ciruelas-verdes,B,https://www.manhwatonovel.com/novela/ciruelas-verdes/
cita-a-ciegas-match-s,B,https://www.manhwatonovel.com/novela/cita-a-ciegas-match-s/
coleccion-de-historias-eroticas,B,https://www.manhwatonovel.com/novela/coleccion-de-historias-eroticas/
comer-en-solitario-hasta-dominarse,B,https://www.manhwatonovel.com/novela/comer-en-solitario-hasta-dominarse/
comienza-con-la-confesion-a-la-hermosa-maestra,B,https://www.manhwatonovel.com/novela/comienza-con-la-confesion-a-la-hermosa-maestra/
como-jubilarse-como-nigromante-de-desastres,B,https://www.manhwatonovel.com/novela/como-jubilarse-como-nigromante-de-desastres/
como-triunfar-en-el-mundo-del-comic,B,https://www.manhwatonovel.com/novela/como-triunfar-en-el-mundo-del-comic/
con-la-inflacion-me-volvi-millonario-de-la-noche-a-la-manana,B,https://www.manhwatonovel.com/novela/con-la-inflacion-me-volvi-millonario-de-la-noche-a-la-manana/
configurando-mi-equipo-de-voleibol,B,https://www.manhwatonovel.com/novela/configurando-mi-equipo-de-voleibol/
conquistando-otro-mundo-con-el-poder-del-encanto-absoluto-proyecto-haren-de-cast,B,https://www.manhwatonovel.com/novela/conquistando-otro-mundo-con-el-poder-del-encanto-absoluto-proyecto-haren-de-cast/
conviertete-en-un-dios-mito-de-cthulhu,B,https://www.manhwatonovel.com/novela/conviertete-en-un-dios-mito-de-cthulhu/
conviertete-en-un-dios-mito-de-cthulhu-continuacion,B,https://www.manhwatonovel.com/novela/conviertete-en-un-dios-mito-de-cthulhu-continuacion/
convirtiendome-en-el-perro-loco-del-clan-cheon,B,https://www.manhwatonovel.com/novela/convirtiendome-en-el-perro-loco-del-clan-cheon/
conviviendo-con-la-fantasma-sin-censura,B,https://www.manhwatonovel.com/novela/conviviendo-con-la-fantasma-sin-censura/
corredores-de-altura,B,https://www.manhwatonovel.com/novela/corredores-de-altura/
corrupcion-en-la-mazmorra,B,https://www.manhwatonovel.com/novela/corrupcion-en-la-mazmorra/
crie-clase-s-capitulo-143-2,B,https://www.manhwatonovel.com/novela/crie-clase-s-capitulo-143-2/
crie-clase-s-capitulo-147-1,B,https://www.manhwatonovel.com/novela/crie-clase-s-capitulo-147-1/
crie-clase-s-capitulo-152-1,B,https://www.manhwatonovel.com/novela/crie-clase-s-capitulo-152-1/
crie-clase-s-capitulo-154-1,B,https://www.manhwatonovel.com/novela/crie-clase-s-capitulo-154-1/
crie-clase-s-capitulo-155-1,B,https://www.manhwatonovel.com/novela/crie-clase-s-capitulo-155-1/
crie-clase-s-capitulo-157-1,B,https://www.manhwatonovel.com/novela/crie-clase-s-capitulo-157-1/
crie-clase-s-capitulo-158-1,B,https://www.manhwatonovel.com/novela/crie-clase-s-capitulo-158-1/
crie-clase-s-capitulo-163-2,B,https://www.manhwatonovel.com/novela/crie-clase-s-capitulo-163-2/
cronica-de-la-colonizacion-de-otro-mundo-que-comienza-con-un-malentendido,B,https://www.manhwatonovel.com/novela/cronica-de-la-colonizacion-de-otro-mundo-que-comienza-con-un-malentendido/
cronologia-carbonate-naruto-x-hinata,B,https://www.manhwatonovel.com/novela/cronologia-carbonate-naruto-x-hinata/
cuando-enfrento-a-los-fuertes-me-vuelvo-aun-mas-fuertes,B,https://www.manhwatonovel.com/novela/cuando-enfrento-a-los-fuertes-me-vuelvo-aun-mas-fuertes/
cuando-me-declare-a-la-chica-que-me-gustaba-su-hermana-gemela-venia-como-bonus,B,https://www.manhwatonovel.com/novela/cuando-me-declare-a-la-chica-que-me-gustaba-su-hermana-gemela-venia-como-bonus/
cuando-me-volvi-invencible,B,https://www.manhwatonovel.com/novela/cuando-me-volvi-invencible/
cuando-posei-a-alguien-termine-convirtiendome-en-una-historia-de-terror,B,https://www.manhwatonovel.com/novela/cuando-posei-a-alguien-termine-convirtiendome-en-una-historia-de-terror/
cuidado-con-la-luna-llena-en-marzo,B,https://www.manhwatonovel.com/novela/cuidado-con-la-luna-llena-en-marzo/
cuna-del-tigre-omegaverse,B,https://www.manhwatonovel.com/novela/cuna-del-tigre-omegaverse/
cunada-no-lo-soporto,B,https://www.manhwatonovel.com/novela/cunada-no-lo-soporto/
de-verdad-crees-que-a-alguien-le-vas-a-gustar-con-esa-cara,B,https://www.manhwatonovel.com/novela/de-verdad-crees-que-a-alguien-le-vas-a-gustar-con-esa-cara/
decimoseptimo-hijo-unico,B,https://www.manhwatonovel.com/novela/decimoseptimo-hijo-unico/
deja-de-fumar,B,https://www.manhwatonovel.com/novela/deja-de-fumar/
delicioso-restaurante,B,https://www.manhwatonovel.com/novela/delicioso-restaurante/
depravacion-caer-en-lo-mas-bajo,B,https://www.manhwatonovel.com/novela/depravacion-caer-en-lo-mas-bajo/
desaloja-ya,B,https://www.manhwatonovel.com/novela/desaloja-ya/
deseame-si-puedes,B,https://www.manhwatonovel.com/novela/deseame-si-puedes/
desesperado-por-una-cita,B,https://www.manhwatonovel.com/novela/desesperado-por-una-cita/
despertar-definitivo,B,https://www.manhwatonovel.com/novela/despertar-definitivo/
despierta-tus-sentidos-cada-dia,B,https://www.manhwatonovel.com/novela/despierta-tus-sentidos-cada-dia/
despues-de-obtener-riqueza-y-libertad-ofrecen-su-lealtad,B,https://www.manhwatonovel.com/novela/despues-de-obtener-riqueza-y-libertad-ofrecen-su-lealtad/
destrozado,B,https://www.manhwatonovel.com/novela/destrozado/
diario-de-observaciones-de-la-criatura-misteriosa,B,https://www.manhwatonovel.com/novela/diario-de-observaciones-de-la-criatura-misteriosa/
diosas-de-la-playa,B,https://www.manhwatonovel.com/novela/diosas-de-la-playa/
dominando-el-paramo,B,https://www.manhwatonovel.com/novela/dominando-el-paramo/
doutei-dakedo-akuyaku-kizoku-ni-tensei-shita-no-de-harem-o-tsukuru-hazu-datta-no,B,https://www.manhwatonovel.com/novela/doutei-dakedo-akuyaku-kizoku-ni-tensei-shita-no-de-harem-o-tsukuru-hazu-datta-no/
dr-jugador-doctor-jugador,B,https://www.manhwatonovel.com/novela/dr-jugador-doctor-jugador/
dragon-emperador-de-los-diez-mil-caminos,B,https://www.manhwatonovel.com/novela/dragon-emperador-de-los-diez-mil-caminos/
dulce-problema,B,https://www.manhwatonovel.com/novela/dulce-problema/
dulcemente-pecaminoso,B,https://www.manhwatonovel.com/novela/dulcemente-pecaminoso/
ecos-del-mundo-invertido,B,https://www.manhwatonovel.com/novela/ecos-del-mundo-invertido/
el-amor-de-mis-madrastras-no-es-el-de-una-mama-cualquiera,B,https://www.manhwatonovel.com/novela/el-amor-de-mis-madrastras-no-es-el-de-una-mama-cualquiera/
el-amor-de-nanase-es-anormal,B,https://www.manhwatonovel.com/novela/el-amor-de-nanase-es-anormal/
el-anciano-jura-vengarse-de-su-esposa-demonio,B,https://www.manhwatonovel.com/novela/el-anciano-jura-vengarse-de-su-esposa-demonio/
el-aventurero-de-clase-b-con-cara-de-villano-me-convierto-en-el-padre-del-protag,B,https://www.manhwatonovel.com/novela/el-aventurero-de-clase-b-con-cara-de-villano-me-convierto-en-el-padre-del-protag/
el-brillante-doctor-del-pueblo,B,https://www.manhwatonovel.com/novela/el-brillante-doctor-del-pueblo/
el-caballero-enmascarado-nunca-enganara-a-la-villana,B,https://www.manhwatonovel.com/novela/el-caballero-enmascarado-nunca-enganara-a-la-villana/
el-caballero-exterminador-del-ntr,B,https://www.manhwatonovel.com/novela/el-caballero-exterminador-del-ntr/
el-caballero-pesado-reencarnado-exiliado-no-tiene-rival-en-el-conocimiento-del-j,B,https://www.manhwatonovel.com/novela/el-caballero-pesado-reencarnado-exiliado-no-tiene-rival-en-el-conocimiento-del-j/
el-club-del-beso-para-todos,B,https://www.manhwatonovel.com/novela/el-club-del-beso-para-todos/
el-conquistador-de-la-escuela,B,https://www.manhwatonovel.com/novela/el-conquistador-de-la-escuela/
el-deber-de-la-hermana,B,https://www.manhwatonovel.com/novela/el-deber-de-la-hermana/
el-del-heroe-maximo-ultimos-capitulos,B,https://www.manhwatonovel.com/novela/el-del-heroe-maximo-ultimos-capitulos/
el-dios-caotico-de-fuerza-extraordinaria,B,https://www.manhwatonovel.com/novela/el-dios-caotico-de-fuerza-extraordinaria/
el-dm-del-profesor-un-secreto-en-linea,B,https://www.manhwatonovel.com/novela/el-dm-del-profesor-un-secreto-en-linea/
el-dm-sexual-de-mi-noona,B,https://www.manhwatonovel.com/novela/el-dm-sexual-de-mi-noona/
el-emperador-del-reino-espiritual,B,https://www.manhwatonovel.com/novela/el-emperador-del-reino-espiritual/
el-esposo-de-la-emperatriz-es-realmente-invencible,B,https://www.manhwatonovel.com/novela/el-esposo-de-la-emperatriz-es-realmente-invencible/
el-estado-de-cierta-esposa,B,https://www.manhwatonovel.com/novela/el-estado-de-cierta-esposa/
el-eunuco-de-la-corte,B,https://www.manhwatonovel.com/novela/el-eunuco-de-la-corte/
el-ex-profesional-vive-una-vida-facil,B,https://www.manhwatonovel.com/novela/el-ex-profesional-vive-una-vida-facil/
el-frente-invencible-el-despertar-del-tuerto,B,https://www.manhwatonovel.com/novela/el-frente-invencible-el-despertar-del-tuerto/
el-genio-asesino-lo-tomara-todo,B,https://www.manhwatonovel.com/novela/el-genio-asesino-lo-tomara-todo/
el-genio-domador-de-la-academia,B,https://www.manhwatonovel.com/novela/el-genio-domador-de-la-academia/
el-gigante-de-la-fortaleza-suprema,B,https://www.manhwatonovel.com/novela/el-gigante-de-la-fortaleza-suprema/
el-gran-doctor-ling-ran,B,https://www.manhwatonovel.com/novela/el-gran-doctor-ling-ran/
el-heroe-a-reencarnado-en-la-academia,B,https://www.manhwatonovel.com/novela/el-heroe-a-reencarnado-en-la-academia/
el-heroe-se-convirtio-en-profesor-asistente-de-la-academia-despues-del-divorcio,B,https://www.manhwatonovel.com/novela/el-heroe-se-convirtio-en-profesor-asistente-de-la-academia-despues-del-divorcio/
el-hijo-del-capitan-de-los-caballeros-idolatra-a-la-hija-villana,B,https://www.manhwatonovel.com/novela/el-hijo-del-capitan-de-los-caballeros-idolatra-a-la-hija-villana/
el-hijo-menor-del-clan-de-los-asesinos-retrocede-con-el-poder-de-los-cinco-reyes,B,https://www.manhwatonovel.com/novela/el-hijo-menor-del-clan-de-los-asesinos-retrocede-con-el-poder-de-los-cinco-reyes/
el-hombre-viril,B,https://www.manhwatonovel.com/novela/el-hombre-viril/
el-imitador-asesino-de-dioses,B,https://www.manhwatonovel.com/novela/el-imitador-asesino-de-dioses/
el-jefe-salvaje-es-mi-vecino,B,https://www.manhwatonovel.com/novela/el-jefe-salvaje-es-mi-vecino/
el-joven-maestro-es-demasiado-fuerte,B,https://www.manhwatonovel.com/novela/el-joven-maestro-es-demasiado-fuerte/
el-juego-de-los-castigos,B,https://www.manhwatonovel.com/novela/el-juego-de-los-castigos/
el-juego-del-que-vengo,B,https://www.manhwatonovel.com/novela/el-juego-del-que-vengo/
el-jugador-mas-fuerte,B,https://www.manhwatonovel.com/novela/el-jugador-mas-fuerte/
el-jugador-veterano-del-apocalipsis,B,https://www.manhwatonovel.com/novela/el-jugador-veterano-del-apocalipsis/
el-luchador-poseido,B,https://www.manhwatonovel.com/novela/el-luchador-poseido/
el-maestro-del-vacio-antes-del-apocalipsis-acumulo-10-000-toneladas-de-carne,B,https://www.manhwatonovel.com/novela/el-maestro-del-vacio-antes-del-apocalipsis-acumulo-10-000-toneladas-de-carne/
el-mago-al-que-siempre-llamaron-inutil-resulto-ser-el-mas-fuerte-pero-como-estuv,B,https://www.manhwatonovel.com/novela/el-mago-al-que-siempre-llamaron-inutil-resulto-ser-el-mas-fuerte-pero-como-estuv/
el-mago-de-arena-del-desierto-abrasador,B,https://www.manhwatonovel.com/novela/el-mago-de-arena-del-desierto-abrasador/
el-mago-de-menor-rango-que-ha-regresado-a-su-nivel-anterior-subvierte-la-jerarqu,B,https://www.manhwatonovel.com/novela/el-mago-de-menor-rango-que-ha-regresado-a-su-nivel-anterior-subvierte-la-jerarqu/
el-mago-genio-destructor-de-limites,B,https://www.manhwatonovel.com/novela/el-mago-genio-destructor-de-limites/
el-mago-reencarnado-que-fue-expulsado-por-ser-incompetente-domina-la-magia-a-su-,B,https://www.manhwatonovel.com/novela/el-mago-reencarnado-que-fue-expulsado-por-ser-incompetente-domina-la-magia-a-su-/
el-mejor-asesino-del-mundo,B,https://www.manhwatonovel.com/novela/el-mejor-asesino-del-mundo/
el-menu-secreto-de-la-entrega-especial,B,https://www.manhwatonovel.com/novela/el-menu-secreto-de-la-entrega-especial/
el-metodo-de-cortejo-de-un-cazador,B,https://www.manhwatonovel.com/novela/el-metodo-de-cortejo-de-un-cazador/
el-mundo-paralelo-con-una-relacion-de-hombres-y-mujeres-de-1-39-resulta-ser-ines,B,https://www.manhwatonovel.com/novela/el-mundo-paralelo-con-una-relacion-de-hombres-y-mujeres-de-1-39-resulta-ser-ines/
el-objeto-extrano-era-yo,B,https://www.manhwatonovel.com/novela/el-objeto-extrano-era-yo/
el-oraculo-de-la-bebe-villana,B,https://www.manhwatonovel.com/novela/el-oraculo-de-la-bebe-villana/
el-otro-lado-de-la-luz-trasera,B,https://www.manhwatonovel.com/novela/el-otro-lado-de-la-luz-trasera/
el-principe-de-la-calamidad-comanda-a-los-heroes-mas-locos-de-la-historia,B,https://www.manhwatonovel.com/novela/el-principe-de-la-calamidad-comanda-a-los-heroes-mas-locos-de-la-historia/
el-prodigio-definitivo,B,https://www.manhwatonovel.com/novela/el-prodigio-definitivo/
el-profesor-encubierto-de-la-academia,B,https://www.manhwatonovel.com/novela/el-profesor-encubierto-de-la-academia/
el-profesor-malo-de-la-aldea-islena,B,https://www.manhwatonovel.com/novela/el-profesor-malo-de-la-aldea-islena/
el-protagonista-principal-es-un-villano,B,https://www.manhwatonovel.com/novela/el-protagonista-principal-es-un-villano/
el-regreso-del-emperador-inmortal-qin,B,https://www.manhwatonovel.com/novela/el-regreso-del-emperador-inmortal-qin/
el-regreso-del-genio-de-las-artes-marciales,B,https://www.manhwatonovel.com/novela/el-regreso-del-genio-de-las-artes-marciales/
el-renacimiento-del-inmortal-arrogante,B,https://www.manhwatonovel.com/novela/el-renacimiento-del-inmortal-arrogante/
el-renacimiento-del-rey-zhou-no-sere-el-villano-definitivo,B,https://www.manhwatonovel.com/novela/el-renacimiento-del-rey-zhou-no-sere-el-villano-definitivo/
el-retornado-quiere-una-vida-tranquila,B,https://www.manhwatonovel.com/novela/el-retornado-quiere-una-vida-tranquila/
el-retorno-del-patriarca-el-mas-fuerte-de-la-historia-reencarna-1000-anos-despue,B,https://www.manhwatonovel.com/novela/el-retorno-del-patriarca-el-mas-fuerte-de-la-historia-reencarna-1000-anos-despue/
el-rey-de-la-noche,B,https://www.manhwatonovel.com/novela/el-rey-de-la-noche/
el-rey-supremo-de-sichuan,B,https://www.manhwatonovel.com/novela/el-rey-supremo-de-sichuan/
el-ruido-de-la-verdad-archivos-del-detective-de-recepcion,B,https://www.manhwatonovel.com/novela/el-ruido-de-la-verdad-archivos-del-detective-de-recepcion/
el-secreto-del-exito,B,https://www.manhwatonovel.com/novela/el-secreto-del-exito/
el-senor-demonio-que-regreso-despues-de-3000-anos,B,https://www.manhwatonovel.com/novela/el-senor-demonio-que-regreso-despues-de-3000-anos/
el-sexo-es-parte-del-trabajo-de-los-agentes-encubiertos,B,https://www.manhwatonovel.com/novela/el-sexo-es-parte-del-trabajo-de-los-agentes-encubiertos/
el-sistema-de-desarrollo-del-gran-demonio-emperador,B,https://www.manhwatonovel.com/novela/el-sistema-de-desarrollo-del-gran-demonio-emperador/
el-suegro-que-devora-todo,B,https://www.manhwatonovel.com/novela/el-suegro-que-devora-todo/
el-sueno-de-las-noches-de-verano,B,https://www.manhwatonovel.com/novela/el-sueno-de-las-noches-de-verano/
el-taller-de-conferencias-suplementarios-de-mashiro-kun,B,https://www.manhwatonovel.com/novela/el-taller-de-conferencias-suplementarios-de-mashiro-kun/
el-terrateniente-que-inicio-con-0-habitantes,B,https://www.manhwatonovel.com/novela/el-terrateniente-que-inicio-con-0-habitantes/
el-tiempo-limite-esta-corriendo-en-la-ventana-de-estado,B,https://www.manhwatonovel.com/novela/el-tiempo-limite-esta-corriendo-en-la-ventana-de-estado/
el-trabajo-oculto-del-presidente-del-consejo-estudiantil-es-mejorar-el-desempeno,B,https://www.manhwatonovel.com/novela/el-trabajo-oculto-del-presidente-del-consejo-estudiantil-es-mejorar-el-desempeno/
el-villano-de-mirada-cortante-de-la-academia-demoniaca,B,https://www.manhwatonovel.com/novela/el-villano-de-mirada-cortante-de-la-academia-demoniaca/
el-villano-rubio-de-la-novela-de-la-protagonista-femenina-quiere-ser-feliz,B,https://www.manhwatonovel.com/novela/el-villano-rubio-de-la-novela-de-la-protagonista-femenina-quiere-ser-feliz/
ella-me-ensena-mucho-uncensored,B,https://www.manhwatonovel.com/novela/ella-me-ensena-mucho-uncensored/
emperador-celestial-de-corazon-ardiente,B,https://www.manhwatonovel.com/novela/emperador-celestial-de-corazon-ardiente/
empezando-como-un-pequeno-zombi-cultivo-plantas-para-alcanzar-la-inmortalidad,B,https://www.manhwatonovel.com/novela/empezando-como-un-pequeno-zombi-cultivo-plantas-para-alcanzar-la-inmortalidad/
en-la-cuspide-del-placer,B,https://www.manhwatonovel.com/novela/en-la-cuspide-del-placer/
en-todas-partes-y-en-ninguna-parte,B,https://www.manhwatonovel.com/novela/en-todas-partes-y-en-ninguna-parte/
encantado-de-conocerla-gerenta,B,https://www.manhwatonovel.com/novela/encantado-de-conocerla-gerenta/
era-del-despertar-de-clases-quien-se-atreve-a-decir-que-el-espadachin-es-una-cla,B,https://www.manhwatonovel.com/novela/era-del-despertar-de-clases-quien-se-atreve-a-decir-que-el-espadachin-es-una-cla/
era-volcanica,B,https://www.manhwatonovel.com/novela/era-volcanica/
eres-mi-complemento,B,https://www.manhwatonovel.com/novela/eres-mi-complemento/
erica-cuando-mi-amiga-se-obsesiona-conmigo,B,https://www.manhwatonovel.com/novela/erica-cuando-mi-amiga-se-obsesiona-conmigo/
es-mio,B,https://www.manhwatonovel.com/novela/es-mio/
escandalo-para-salvar-el-matrimonio,B,https://www.manhwatonovel.com/novela/escandalo-para-salvar-el-matrimonio/
escucha-las-estrellas,B,https://www.manhwatonovel.com/novela/escucha-las-estrellas/
escuela-de-la-calle,B,https://www.manhwatonovel.com/novela/escuela-de-la-calle/
espero-que-estes-feliz-lemon,B,https://www.manhwatonovel.com/novela/espero-que-estes-feliz-lemon/
espiritu-errante,B,https://www.manhwatonovel.com/novela/espiritu-errante/
esposa-estupida,B,https://www.manhwatonovel.com/novela/esposa-estupida/
estoy-aqui-para-ayudarte,B,https://www.manhwatonovel.com/novela/estoy-aqui-para-ayudarte/
estoy-de-pie-sobre-un-millon-de-vidas,B,https://www.manhwatonovel.com/novela/estoy-de-pie-sobre-un-millon-de-vidas/
estoy-divorciada-pero-soy-una-cheabol,B,https://www.manhwatonovel.com/novela/estoy-divorciada-pero-soy-una-cheabol/
evolucion-de-las-bestias,B,https://www.manhwatonovel.com/novela/evolucion-de-las-bestias/
farmeando-mujeres,B,https://www.manhwatonovel.com/novela/farmeando-mujeres/
furious-medical-soldier,B,https://www.manhwatonovel.com/novela/furious-medical-soldier/
game-bang-match-uncensored,B,https://www.manhwatonovel.com/novela/game-bang-match-uncensored/
genkai-jk-kirimi-san-juuni-sai,B,https://www.manhwatonovel.com/novela/genkai-jk-kirimi-san-juuni-sai/
guerra-de-hermanas,B,https://www.manhwatonovel.com/novela/guerra-de-hermanas/
guerra-del-dragon-urbano,B,https://www.manhwatonovel.com/novela/guerra-del-dragon-urbano/
guerrero-kariel,B,https://www.manhwatonovel.com/novela/guerrero-kariel/
guia-de-la-mision-de-la-emperatriz-del-infierno,B,https://www.manhwatonovel.com/novela/guia-de-la-mision-de-la-emperatriz-del-infierno/
habitacion-del-placer-culpable,B,https://www.manhwatonovel.com/novela/habitacion-del-placer-culpable/
harem-de-tres-esposas,B,https://www.manhwatonovel.com/novela/harem-de-tres-esposas/
hasta-un-incubo-quiere-un-amor-de-verdad,B,https://www.manhwatonovel.com/novela/hasta-un-incubo-quiere-un-amor-de-verdad/
he-recogido-un-telefono-movil-de-otro-mundo,B,https://www.manhwatonovel.com/novela/he-recogido-un-telefono-movil-de-otro-mundo/
he-reencarnado-como-hijo-de-un-aristocrata,B,https://www.manhwatonovel.com/novela/he-reencarnado-como-hijo-de-un-aristocrata/
hermana-problematica,B,https://www.manhwatonovel.com/novela/hermana-problematica/
heroe-suicida-de-clase-sss,B,https://www.manhwatonovel.com/novela/heroe-suicida-de-clase-sss/
heroe-x-reina-demonio,B,https://www.manhwatonovel.com/novela/heroe-x-reina-demonio/
hice-un-contrato-de-invocacion-conmigo-mismo,B,https://www.manhwatonovel.com/novela/hice-un-contrato-de-invocacion-conmigo-mismo/
hijo-prodigo-taoista,B,https://www.manhwatonovel.com/novela/hijo-prodigo-taoista/
how-to-survive-as-a-heavy-cavalryman-on-the-battlefield,B,https://www.manhwatonovel.com/novela/how-to-survive-as-a-heavy-cavalryman-on-the-battlefield/
i-became-the-ophidian-of-the-apocalypse,B,https://www.manhwatonovel.com/novela/i-became-the-ophidian-of-the-apocalypse/
imaizumi-trae-a-todas-las-gals-a-su-casa-deep,B,https://www.manhwatonovel.com/novela/imaizumi-trae-a-todas-las-gals-a-su-casa-deep/
incluso-un-ser-supremo-es-papa-por-primera-vez,B,https://www.manhwatonovel.com/novela/incluso-un-ser-supremo-es-papa-por-primera-vez/
inicializando-el-sistema-de-la-secta,B,https://www.manhwatonovel.com/novela/inicializando-el-sistema-de-la-secta/
iniciando-con-el-registro-del-cuerpo-sagrado-de-la-antiguedad,B,https://www.manhwatonovel.com/novela/iniciando-con-el-registro-del-cuerpo-sagrado-de-la-antiguedad/
iniciar-sesion-en-lujurialandia,B,https://www.manhwatonovel.com/novela/iniciar-sesion-en-lujurialandia/
inicio-de-sesion-en-el-infierno,B,https://www.manhwatonovel.com/novela/inicio-de-sesion-en-el-infierno/
instituto-de-investigacion-sexual,B,https://www.manhwatonovel.com/novela/instituto-de-investigacion-sexual/
invocador-del-reino-de-las-pesadillas,B,https://www.manhwatonovel.com/novela/invocador-del-reino-de-las-pesadillas/
isekai-ni-kita-mitai-dakedo-dousureba-yoi-no-darou,B,https://www.manhwatonovel.com/novela/isekai-ni-kita-mitai-dakedo-dousureba-yoi-no-darou/
jugador-con-errores,B,https://www.manhwatonovel.com/novela/jugador-con-errores/
kai-no-sekai-wa-kami-no-me-de-irodzuku-ore-dake-mieru-status-de-saijaku-kara-sai,B,https://www.manhwatonovel.com/novela/kai-no-sekai-wa-kami-no-me-de-irodzuku-ore-dake-mieru-status-de-saijaku-kara-sai/
la-barrera-magica-insuperable-del-desafortunado-anciano,B,https://www.manhwatonovel.com/novela/la-barrera-magica-insuperable-del-desafortunado-anciano/
la-bestia-del-palacio-real,B,https://www.manhwatonovel.com/novela/la-bestia-del-palacio-real/
la-bruja-virgen,B,https://www.manhwatonovel.com/novela/la-bruja-virgen/
la-cazadora-de-clase-pollito-esta-cumpliendo-con-su-deber,B,https://www.manhwatonovel.com/novela/la-cazadora-de-clase-pollito-esta-cumpliendo-con-su-deber/
la-chica-de-las-plantas-medicinales,B,https://www.manhwatonovel.com/novela/la-chica-de-las-plantas-medicinales/
la-chispa-en-tus-ojos,B,https://www.manhwatonovel.com/novela/la-chispa-en-tus-ojos/
la-comerciante-de-objetos-hara-cualquier-cosa-por-vender,B,https://www.manhwatonovel.com/novela/la-comerciante-de-objetos-hara-cualquier-cosa-por-vender/
la-dama-del-banco,B,https://www.manhwatonovel.com/novela/la-dama-del-banco/
la-desaparicion-de-la-hermana-isabella-sin-censura,B,https://www.manhwatonovel.com/novela/la-desaparicion-de-la-hermana-isabella-sin-censura/
la-esposa-falsa-del-leon-negro,B,https://www.manhwatonovel.com/novela/la-esposa-falsa-del-leon-negro/
la-evolucion-del-esqueleto-de-otro-mundo,B,https://www.manhwatonovel.com/novela/la-evolucion-del-esqueleto-de-otro-mundo/
la-gente-de-la-tierra-es-demasiado-feroz,B,https://www.manhwatonovel.com/novela/la-gente-de-la-tierra-es-demasiado-feroz/
la-heroina-tiene-sus-ojos-en-mi-como-la-esposa-de-su-hermano,B,https://www.manhwatonovel.com/novela/la-heroina-tiene-sus-ojos-en-mi-como-la-esposa-de-su-hermano/
la-historia-de-una-chica-tomboy-que-habla-obscenamente-en-una-escuela-de-varones,B,https://www.manhwatonovel.com/novela/la-historia-de-una-chica-tomboy-que-habla-obscenamente-en-una-escuela-de-varones/
la-ley-del-talion,B,https://www.manhwatonovel.com/novela/la-ley-del-talion/
la-leyenda-de-muwon,B,https://www.manhwatonovel.com/novela/la-leyenda-de-muwon/
la-ninera-del-jefe-de-la-mafia,B,https://www.manhwatonovel.com/novela/la-ninera-del-jefe-de-la-mafia/
la-oscuridad-del-sol,B,https://www.manhwatonovel.com/novela/la-oscuridad-del-sol/
la-peor-generacion,B,https://www.manhwatonovel.com/novela/la-peor-generacion/
la-peor-propuesta-del-universo,B,https://www.manhwatonovel.com/novela/la-peor-propuesta-del-universo/
la-razon-por-la-que-vives,B,https://www.manhwatonovel.com/novela/la-razon-por-la-que-vives/
la-regresion-del-demonio-benevolente,B,https://www.manhwatonovel.com/novela/la-regresion-del-demonio-benevolente/
la-ruidosa-clase-practica-del-mago-del-sotano,B,https://www.manhwatonovel.com/novela/la-ruidosa-clase-practica-del-mago-del-sotano/
la-serpiente-negra,B,https://www.manhwatonovel.com/novela/la-serpiente-negra/
la-teoria-magica-del-santo-de-la-espada-regresado,B,https://www.manhwatonovel.com/novela/la-teoria-magica-del-santo-de-la-espada-regresado/
la-tutora-secreta-de-lord-preston,B,https://www.manhwatonovel.com/novela/la-tutora-secreta-de-lord-preston/
la-ultima-especie,B,https://www.manhwatonovel.com/novela/la-ultima-especie/
la-venganza-del-chico-de-los-recados,B,https://www.manhwatonovel.com/novela/la-venganza-del-chico-de-los-recados/
la-venganza-del-hijo,B,https://www.manhwatonovel.com/novela/la-venganza-del-hijo/
la-vida-escolar-del-lider-de-la-tierra,B,https://www.manhwatonovel.com/novela/la-vida-escolar-del-lider-de-la-tierra/
la-villana-rebelde-ha-vuelto,B,https://www.manhwatonovel.com/novela/la-villana-rebelde-ha-vuelto/
la-villana-terminal-que-hace-pociones,B,https://www.manhwatonovel.com/novela/la-villana-terminal-que-hace-pociones/
lagrimas-en-las-flores-marchitas,B,https://www.manhwatonovel.com/novela/lagrimas-en-las-flores-marchitas/
las-esposas-han-llegado,B,https://www.manhwatonovel.com/novela/las-esposas-han-llegado/
las-juguetonas-obligaciones-de-una-sirvienta-sin-censura,B,https://www.manhwatonovel.com/novela/las-juguetonas-obligaciones-de-una-sirvienta-sin-censura/
las-primeras-sacerdotisas-de-las-flores,B,https://www.manhwatonovel.com/novela/las-primeras-sacerdotisas-de-las-flores/
le-robe-la-primera-noche-al-despreciable-principe-heredero,B,https://www.manhwatonovel.com/novela/le-robe-la-primera-noche-al-despreciable-principe-heredero/
lechita-de-fresa,B,https://www.manhwatonovel.com/novela/lechita-de-fresa/
levantate-de-los-escombros,B,https://www.manhwatonovel.com/novela/levantate-de-los-escombros/
levantate-y-brilla-heroe,B,https://www.manhwatonovel.com/novela/levantate-y-brilla-heroe/
level-kansto-kara-hajimaru-kamisama-teki-isekai-life-saikyou-status-ni-tensei-sh,B,https://www.manhwatonovel.com/novela/level-kansto-kara-hajimaru-kamisama-teki-isekai-life-saikyou-status-ni-tensei-sh/
lilith-side-story,B,https://www.manhwatonovel.com/novela/lilith-side-story/
lo-siento-mucho-senorita-pero-a-mi-me-gusta-la-sirvienta,B,https://www.manhwatonovel.com/novela/lo-siento-mucho-senorita-pero-a-mi-me-gusta-la-sirvienta/
los-duques-guardan-un-secreto,B,https://www.manhwatonovel.com/novela/los-duques-guardan-un-secreto/
los-pequenos-atormentaran-a-la-burguesia,B,https://www.manhwatonovel.com/novela/los-pequenos-atormentaran-a-la-burguesia/
luchar-de-nuevo-por-una-vida,B,https://www.manhwatonovel.com/novela/luchar-de-nuevo-por-una-vida/
lujuria-en-la-habitacion-201,B,https://www.manhwatonovel.com/novela/lujuria-en-la-habitacion-201/
madogiwa-henshuu-to-baka-ni-sareta-ore-ga-futago-jk-to-doukyo-suru-koto-ni-natta,B,https://www.manhwatonovel.com/novela/madogiwa-henshuu-to-baka-ni-sareta-ore-ga-futago-jk-to-doukyo-suru-koto-ni-natta/
maestro-de-la-biblioteca-de-artes-marciales,B,https://www.manhwatonovel.com/novela/maestro-de-la-biblioteca-de-artes-marciales/
maldita-era-medieval,B,https://www.manhwatonovel.com/novela/maldita-era-medieval/
malditas-espadas-magicas,B,https://www.manhwatonovel.com/novela/malditas-espadas-magicas/
manos-magicas,B,https://www.manhwatonovel.com/novela/manos-magicas/
mansion-hyunjeong,B,https://www.manhwatonovel.com/novela/mansion-hyunjeong/
masticable,B,https://www.manhwatonovel.com/novela/masticable/
mata-villanos,B,https://www.manhwatonovel.com/novela/mata-villanos/
me-converti-en-el-coleccionista-de-un-haren-de-otro-mundo,B,https://www.manhwatonovel.com/novela/me-converti-en-el-coleccionista-de-un-haren-de-otro-mundo/
me-converti-en-el-maestro-de-la-secta-demoniaca,B,https://www.manhwatonovel.com/novela/me-converti-en-el-maestro-de-la-secta-demoniaca/
me-converti-en-la-hija-adoptiva-del-protagonista-masculino,B,https://www.manhwatonovel.com/novela/me-converti-en-la-hija-adoptiva-del-protagonista-masculino/
me-converti-en-rey-buscando-basura,B,https://www.manhwatonovel.com/novela/me-converti-en-rey-buscando-basura/
me-convertire-en-un-magnate-perdiendo-dinero,B,https://www.manhwatonovel.com/novela/me-convertire-en-un-magnate-perdiendo-dinero/
me-gustan-los-pechos-de-mi-hermana,B,https://www.manhwatonovel.com/novela/me-gustan-los-pechos-de-mi-hermana/
me-he-convertido-en-la-matriarca-del-demonio,B,https://www.manhwatonovel.com/novela/me-he-convertido-en-la-matriarca-del-demonio/
me-transformo-en-el-rey-de-los-mares-tras-excitarme,B,https://www.manhwatonovel.com/novela/me-transformo-en-el-rey-de-los-mares-tras-excitarme/
me-vuelvo-mas-fuerte-con-solo-acostarme-mientras-mis-discipulas-cultivan,B,https://www.manhwatonovel.com/novela/me-vuelvo-mas-fuerte-con-solo-acostarme-mientras-mis-discipulas-cultivan/
mi-amiga-regreso-del-futuro,B,https://www.manhwatonovel.com/novela/mi-amiga-regreso-del-futuro/
mi-amiga-tiene-que-correrse-para-usar-magia,B,https://www.manhwatonovel.com/novela/mi-amiga-tiene-que-correrse-para-usar-magia/
mi-camino-simulado-hacia-la-inmortalidad,B,https://www.manhwatonovel.com/novela/mi-camino-simulado-hacia-la-inmortalidad/
mi-chan-quiere-que-la-adopte,B,https://www.manhwatonovel.com/novela/mi-chan-quiere-que-la-adopte/
mi-hija-adoptiva,B,https://www.manhwatonovel.com/novela/mi-hija-adoptiva/
mi-maestro-lo-sabe-todo,B,https://www.manhwatonovel.com/novela/mi-maestro-lo-sabe-todo/
mi-mascota-espiritual-es-una-zombi-femenina,B,https://www.manhwatonovel.com/novela/mi-mascota-espiritual-es-una-zombi-femenina/
mi-novia-eldritch,B,https://www.manhwatonovel.com/novela/mi-novia-eldritch/
mi-novia-la-hija-abandonada,B,https://www.manhwatonovel.com/novela/mi-novia-la-hija-abandonada/
mi-novio-tarda-demasiado-en-la-ducha-sin-censura,B,https://www.manhwatonovel.com/novela/mi-novio-tarda-demasiado-en-la-ducha-sin-censura/
mi-nucleo-dorado-es-una-estrella-este-es-el-verdadero-cultivo-inmortal,B,https://www.manhwatonovel.com/novela/mi-nucleo-dorado-es-una-estrella-este-es-el-verdadero-cultivo-inmortal/
mi-propia-confesion,B,https://www.manhwatonovel.com/novela/mi-propia-confesion/
mi-relacion-con-la-bestia,B,https://www.manhwatonovel.com/novela/mi-relacion-con-la-bestia/
mi-roommate-es-un-sucubo,B,https://www.manhwatonovel.com/novela/mi-roommate-es-un-sucubo/
mi-tranquila-tienda-de-conveniencia-dentro-de-la-academia,B,https://www.manhwatonovel.com/novela/mi-tranquila-tienda-de-conveniencia-dentro-de-la-academia/
mi-vecina-estrella-me-hechizo,B,https://www.manhwatonovel.com/novela/mi-vecina-estrella-me-hechizo/
mi-voluntad-sellara-los-cielos,B,https://www.manhwatonovel.com/novela/mi-voluntad-sellara-los-cielos/
mientras-otras-se-convierten-en-protagonistas-femeninas-de-novelas-de-fantasia-r,B,https://www.manhwatonovel.com/novela/mientras-otras-se-convierten-en-protagonistas-femeninas-de-novelas-de-fantasia-r/
mientras-otros-doman-bestias-yo-domestico-chicas-bestia,B,https://www.manhwatonovel.com/novela/mientras-otros-doman-bestias-yo-domestico-chicas-bestia/
misiones-secretas-del-gremio-de-cazadores-como-soy-de-rango-sss-las-misiones-ero,B,https://www.manhwatonovel.com/novela/misiones-secretas-del-gremio-de-cazadores-como-soy-de-rango-sss-las-misiones-ero/
moe-moe-byuun,B,https://www.manhwatonovel.com/novela/moe-moe-byuun/
mr-and-mrs-shizuyama,B,https://www.manhwatonovel.com/novela/mr-and-mrs-shizuyama/
mr-i-un-oficinista-muy-erotico,B,https://www.manhwatonovel.com/novela/mr-i-un-oficinista-muy-erotico/
mr-superconductor-uncensored,B,https://www.manhwatonovel.com/novela/mr-superconductor-uncensored/
musume-slime-stories,B,https://www.manhwatonovel.com/novela/musume-slime-stories/
my-exclusive-dreamland-game,B,https://www.manhwatonovel.com/novela/my-exclusive-dreamland-game/
nanpa-mobu-ga-oshigoto-desu-furare-ni-ittara-hiroin-to-no-koi-ga-hajimatta,B,https://www.manhwatonovel.com/novela/nanpa-mobu-ga-oshigoto-desu-furare-ni-ittara-hiroin-to-no-koi-ga-hajimatta/
nengan-no-akuyaku-reijo-rasubosu-no-karada-o-teniireta-zo,B,https://www.manhwatonovel.com/novela/nengan-no-akuyaku-reijo-rasubosu-no-karada-o-teniireta-zo/
netto-no-oshi-to-riaru-no-oshi-ga-tonari-ni-hikkoshite-kita,B,https://www.manhwatonovel.com/novela/netto-no-oshi-to-riaru-no-oshi-ga-tonari-ni-hikkoshite-kita/
nigromante-yo-soy-la-plaga,B,https://www.manhwatonovel.com/novela/nigromante-yo-soy-la-plaga/
nivel-cardiaco,B,https://www.manhwatonovel.com/novela/nivel-cardiaco/
no-en-la-escuela,B,https://www.manhwatonovel.com/novela/no-en-la-escuela/
no-habra-subidas-hoy,B,https://www.manhwatonovel.com/novela/no-habra-subidas-hoy/
no-puedo-aprovecharme-de-mis-esclavas-por-la-talentosas-que-son,B,https://www.manhwatonovel.com/novela/no-puedo-aprovecharme-de-mis-esclavas-por-la-talentosas-que-son/
no-quiero-atacarte-cura,B,https://www.manhwatonovel.com/novela/no-quiero-atacarte-cura/
novato-de-nivel-maximo,B,https://www.manhwatonovel.com/novela/novato-de-nivel-maximo/
nuestro-matrimonio-secreto,B,https://www.manhwatonovel.com/novela/nuestro-matrimonio-secreto/
obsesion-perversa,B,https://www.manhwatonovel.com/novela/obsesion-perversa/
ona-inalambrica,B,https://www.manhwatonovel.com/novela/ona-inalambrica/
opening-my-eyes-i-was-a-princess-promo,B,https://www.manhwatonovel.com/novela/opening-my-eyes-i-was-a-princess-promo/
oppa-hazlo,B,https://www.manhwatonovel.com/novela/oppa-hazlo/
ore-no-wakuchin-dake-ga-zombie-shita-sekai-wo-sukueru,B,https://www.manhwatonovel.com/novela/ore-no-wakuchin-dake-ga-zombie-shita-sekai-wo-sukueru/
otome-kaijuu-caramelize,B,https://www.manhwatonovel.com/novela/otome-kaijuu-caramelize/
overflow-uncensored,B,https://www.manhwatonovel.com/novela/overflow-uncensored/
overwatch-undivided,B,https://www.manhwatonovel.com/novela/overwatch-undivided/
parque-tematico,B,https://www.manhwatonovel.com/novela/parque-tematico/
party-tsuihou-sareta-ore-ga-uragitta-nakama-ni-fukushuu-suru-anthology-comic,B,https://www.manhwatonovel.com/novela/party-tsuihou-sareta-ore-ga-uragitta-nakama-ni-fukushuu-suru-anthology-comic/
piedad,B,https://www.manhwatonovel.com/novela/piedad/
por-fin-llega-la-primavera-omegaverse,B,https://www.manhwatonovel.com/novela/por-fin-llega-la-primavera-omegaverse/
presidente-del-comite-no-acabas-de-masturbarte-en-el-bano-puedo-ver-el-numero-de,B,https://www.manhwatonovel.com/novela/presidente-del-comite-no-acabas-de-masturbarte-en-el-bano-puedo-ver-el-numero-de/
prision-del-infierno,B,https://www.manhwatonovel.com/novela/prision-del-infierno/
privilegios-del-administrador-del-edificio,B,https://www.manhwatonovel.com/novela/privilegios-del-administrador-del-edificio/
probablemente-tambien-va-tras-mi-hermano,B,https://www.manhwatonovel.com/novela/probablemente-tambien-va-tras-mi-hermano/
pueblo-de-la-lujuria,B,https://www.manhwatonovel.com/novela/pueblo-de-la-lujuria/
punto-de-inflexion,B,https://www.manhwatonovel.com/novela/punto-de-inflexion/
que-comience-el-juego,B,https://www.manhwatonovel.com/novela/que-comience-el-juego/
que-debo-hacer-con-mis-deseos,B,https://www.manhwatonovel.com/novela/que-debo-hacer-con-mis-deseos/
que-hago-con-el,B,https://www.manhwatonovel.com/novela/que-hago-con-el/
que-hago-si-la-heroina-se-escapa-del-libro,B,https://www.manhwatonovel.com/novela/que-hago-si-la-heroina-se-escapa-del-libro/
que-hay-de-malo-en-que-gane-algo-de-dinero-como-uber,B,https://www.manhwatonovel.com/novela/que-hay-de-malo-en-que-gane-algo-de-dinero-como-uber/
quemadura-de-las-bestias,B,https://www.manhwatonovel.com/novela/quemadura-de-las-bestias/
querida-julie,B,https://www.manhwatonovel.com/novela/querida-julie/
querido-cazador,B,https://www.manhwatonovel.com/novela/querido-cazador/
quien-le-dijo-a-ese-loco-que-podia-ser-un-cultivador,B,https://www.manhwatonovel.com/novela/quien-le-dijo-a-ese-loco-que-podia-ser-un-cultivador/
rape-demon-king,B,https://www.manhwatonovel.com/novela/rape-demon-king/
raro-y-dificil-de-matar-lo-siento-yo-soy-el-verdadero-inmortal,B,https://www.manhwatonovel.com/novela/raro-y-dificil-de-matar-lo-siento-yo-soy-el-verdadero-inmortal/
rayito,B,https://www.manhwatonovel.com/novela/rayito/
realmente-me-encanta,B,https://www.manhwatonovel.com/novela/realmente-me-encanta/
realmente-no-soy-el-vasallo-del-dios-demonio,B,https://www.manhwatonovel.com/novela/realmente-no-soy-el-vasallo-del-dios-demonio/
red-storm-2,B,https://www.manhwatonovel.com/novela/red-storm-2/
reencarnacion-del-heroe-clase-sss,B,https://www.manhwatonovel.com/novela/reencarnacion-del-heroe-clase-sss/
reencarnado-en-un-genio-prodigio-de-una-familia-prestigiosa,B,https://www.manhwatonovel.com/novela/reencarnado-en-un-genio-prodigio-de-una-familia-prestigiosa/
reencarne-como-el-fracasado-de-una-familia-prestigiosa,B,https://www.manhwatonovel.com/novela/reencarne-como-el-fracasado-de-una-familia-prestigiosa/
reencarne-como-un-jefe-de-nivel-intermedio-que-muere-al-principio-del-juego,B,https://www.manhwatonovel.com/novela/reencarne-como-un-jefe-de-nivel-intermedio-que-muere-al-principio-del-juego/
regresa-el-genio-loco-compositor,B,https://www.manhwatonovel.com/novela/regresa-el-genio-loco-compositor/
regresando-al-otro-mundo-una-vez-mas,B,https://www.manhwatonovel.com/novela/regresando-al-otro-mundo-una-vez-mas/
regrese-del-abismo,B,https://www.manhwatonovel.com/novela/regrese-del-abismo/
regresion-inutil,B,https://www.manhwatonovel.com/novela/regresion-inutil/
reincarnated-as-the-villains-heir,B,https://www.manhwatonovel.com/novela/reincarnated-as-the-villains-heir/
renacido-como-cultivador-demoniaco-me-hago-mas-fuerte-matando-zombies,B,https://www.manhwatonovel.com/novela/renacido-como-cultivador-demoniaco-me-hago-mas-fuerte-matando-zombies/
renacimiento-del-dios-supremo-de-la-batalla,B,https://www.manhwatonovel.com/novela/renacimiento-del-dios-supremo-de-la-batalla/
renacimiento-del-emperador,B,https://www.manhwatonovel.com/novela/renacimiento-del-emperador/
renacimiento-del-rey-del-entretenimiento,B,https://www.manhwatonovel.com/novela/renacimiento-del-rey-del-entretenimiento/
renacimiento-volver-a-1983-para-ser-millonario,B,https://www.manhwatonovel.com/novela/renacimiento-volver-a-1983-para-ser-millonario/
restaurante-bizarro,B,https://www.manhwatonovel.com/novela/restaurante-bizarro/
rey-espiritu-demoniaco,B,https://www.manhwatonovel.com/novela/rey-espiritu-demoniaco/
ruido-entre-paredes,B,https://www.manhwatonovel.com/novela/ruido-entre-paredes/
s-musae-rides-in-love,B,https://www.manhwatonovel.com/novela/s-musae-rides-in-love/
saeko-la-madre-obsesiva-hara-lo-que-sea-por-su-hija,B,https://www.manhwatonovel.com/novela/saeko-la-madre-obsesiva-hara-lo-que-sea-por-su-hija/
saikyo-ni-uzai-kanojo-no-ashita-kara-tsukaeru-maunto-kyoshitsu,B,https://www.manhwatonovel.com/novela/saikyo-ni-uzai-kanojo-no-ashita-kara-tsukaeru-maunto-kyoshitsu/
salpicadura-maravillosa,B,https://www.manhwatonovel.com/novela/salpicadura-maravillosa/
saluda-al-lider-de-la-secta,B,https://www.manhwatonovel.com/novela/saluda-al-lider-de-la-secta/
sanando-la-vida-con-deubly,B,https://www.manhwatonovel.com/novela/sanando-la-vida-con-deubly/
saqueando-innumerables-talentos-me-converti-en-dios,B,https://www.manhwatonovel.com/novela/saqueando-innumerables-talentos-me-converti-en-dios/
secret-your-mom,B,https://www.manhwatonovel.com/novela/secret-your-mom/
secretaria-kim,B,https://www.manhwatonovel.com/novela/secretaria-kim/
secretos-en-un-dia-lluvioso,B,https://www.manhwatonovel.com/novela/secretos-en-un-dia-lluvioso/
senor-marcial-supremo-absoluto,B,https://www.manhwatonovel.com/novela/senor-marcial-supremo-absoluto/
senpai-por-favor-no-me-comas-a-color,B,https://www.manhwatonovel.com/novela/senpai-por-favor-no-me-comas-a-color/
sere-rey-en-esta-vida-usare-el-dinero-para-subir-de-nivel,B,https://www.manhwatonovel.com/novela/sere-rey-en-esta-vida-usare-el-dinero-para-subir-de-nivel/
seria-mejor-que-yo-fuera-la-emperatriz,B,https://www.manhwatonovel.com/novela/seria-mejor-que-yo-fuera-la-emperatriz/
shinjiteita-nakama-tachi-ni-dungeon-okuchi-de-korosare-kaketa-ga-gift-mugen-gach,B,https://www.manhwatonovel.com/novela/shinjiteita-nakama-tachi-ni-dungeon-okuchi-de-korosare-kaketa-ga-gift-mugen-gach/
shukuteki-onee-san-wo-taosenai,B,https://www.manhwatonovel.com/novela/shukuteki-onee-san-wo-taosenai/
si-es-para-conquistar-mazmorras-es-necesario-hacer-una-comedia-romantica,B,https://www.manhwatonovel.com/novela/si-es-para-conquistar-mazmorras-es-necesario-hacer-una-comedia-romantica/
si-no-quieres-morir,B,https://www.manhwatonovel.com/novela/si-no-quieres-morir/
si-uso-mis-habilidades-curativas-puedes-morir,B,https://www.manhwatonovel.com/novela/si-uso-mis-habilidades-curativas-puedes-morir/
sin-igual-en-el-mundo-de-los-juegos-online-remake,B,https://www.manhwatonovel.com/novela/sin-igual-en-el-mundo-de-los-juegos-online-remake/
sistema-de-retorno-multiple,B,https://www.manhwatonovel.com/novela/sistema-de-retorno-multiple/
skirt-of-brothers-wife,B,https://www.manhwatonovel.com/novela/skirt-of-brothers-wife/
slime-de-batalla,B,https://www.manhwatonovel.com/novela/slime-de-batalla/
soberano-de-la-espada-espiritual,B,https://www.manhwatonovel.com/novela/soberano-de-la-espada-espiritual/
sobreviviendo-como-una-sirvienta,B,https://www.manhwatonovel.com/novela/sobreviviendo-como-una-sirvienta/
sociedad-anonima-de-servicios-consensuados,B,https://www.manhwatonovel.com/novela/sociedad-anonima-de-servicios-consensuados/
solo-me-averguenzo-delante-de-ti,B,https://www.manhwatonovel.com/novela/solo-me-averguenzo-delante-de-ti/
solo-quiero-morir,B,https://www.manhwatonovel.com/novela/solo-quiero-morir/
solo-soy-un-personaje-secundario-en-una-simulacion-de-citas,B,https://www.manhwatonovel.com/novela/solo-soy-un-personaje-secundario-en-una-simulacion-de-citas/
somos-animales,B,https://www.manhwatonovel.com/novela/somos-animales/
sono-monban-saikyou-nitsuki-tsuihou-sareta-bougyo-ryoku-9999-no-senshi-ou-miyako,B,https://www.manhwatonovel.com/novela/sono-monban-saikyou-nitsuki-tsuihou-sareta-bougyo-ryoku-9999-no-senshi-ou-miyako/
soy-la-secretaria-de-mi-ex-favorito,B,https://www.manhwatonovel.com/novela/soy-la-secretaria-de-mi-ex-favorito/
soy-una-novia-falsa-y-huire,B,https://www.manhwatonovel.com/novela/soy-una-novia-falsa-y-huire/
stop-fight-go-to-bed,B,https://www.manhwatonovel.com/novela/stop-fight-go-to-bed/
subi-de-nivel-convirtiendome-en-influencer,B,https://www.manhwatonovel.com/novela/subi-de-nivel-convirtiendome-en-influencer/
subo-de-nivel-recolectando-todo,B,https://www.manhwatonovel.com/novela/subo-de-nivel-recolectando-todo/
subo-de-nivel-solo,B,https://www.manhwatonovel.com/novela/subo-de-nivel-solo/
suerte-maxima-el-aventurero-mas-desafortunado-se-vuelve-invencible-con-estadisti,B,https://www.manhwatonovel.com/novela/suerte-maxima-el-aventurero-mas-desafortunado-se-vuelve-invencible-con-estadisti/
sumision-total,B,https://www.manhwatonovel.com/novela/sumision-total/
surviving-among-the-anomalies,B,https://www.manhwatonovel.com/novela/surviving-among-the-anomalies/
surviving-in-a-frozen-dark-fantasy-as-a-genius-mage,B,https://www.manhwatonovel.com/novela/surviving-in-a-frozen-dark-fantasy-as-a-genius-mage/
susurros-de-un-demonio-astuto,B,https://www.manhwatonovel.com/novela/susurros-de-un-demonio-astuto/
tan-pronto-como-me-converti-en-un-cuasi-sabio-fui-convocado-por-la-emperatriz,B,https://www.manhwatonovel.com/novela/tan-pronto-como-me-converti-en-un-cuasi-sabio-fui-convocado-por-la-emperatriz/
tengo-una-carrera-al-azar-cada-semana,B,https://www.manhwatonovel.com/novela/tengo-una-carrera-al-azar-cada-semana/
tenia-mas-poder-que-el-heroe-asi-que-escondi-mi-poder,B,https://www.manhwatonovel.com/novela/tenia-mas-poder-que-el-heroe-asi-que-escondi-mi-poder/
tensei-akuma-no-saikyou-yuusha-ikusei-keikaku,B,https://www.manhwatonovel.com/novela/tensei-akuma-no-saikyou-yuusha-ikusei-keikaku/
terreno-mortal,B,https://www.manhwatonovel.com/novela/terreno-mortal/
the-top-healer-of-the-offensive-magic-academy,B,https://www.manhwatonovel.com/novela/the-top-healer-of-the-offensive-magic-academy/
tienda-del-romance,B,https://www.manhwatonovel.com/novela/tienda-del-romance/
todas-las-maestras-quieren-tenerme,B,https://www.manhwatonovel.com/novela/todas-las-maestras-quieren-tenerme/
todo-comienza-con-el-nacimiento-de-la-emperatriz-demonio,B,https://www.manhwatonovel.com/novela/todo-comienza-con-el-nacimiento-de-la-emperatriz-demonio/
todos-retrocedieron-menos-yo,B,https://www.manhwatonovel.com/novela/todos-retrocedieron-menos-yo/
tower-crush,B,https://www.manhwatonovel.com/novela/tower-crush/
trabajando-a-tiempo-parcial-en-un-mundo-de-cultivo,B,https://www.manhwatonovel.com/novela/trabajando-a-tiempo-parcial-en-un-mundo-de-cultivo/
transmision-del-reino-demoniaco-del-demonio-celestial-rejuvenecido,B,https://www.manhwatonovel.com/novela/transmision-del-reino-demoniaco-del-demonio-celestial-rejuvenecido/
tras-transmigrar-al-juego-cyberpunk-derrote-al-jefe-y-logre-llegar-a-la-cima,B,https://www.manhwatonovel.com/novela/tras-transmigrar-al-juego-cyberpunk-derrote-al-jefe-y-logre-llegar-a-la-cima/
trascendencia-debido-a-un-error-del-sistema,B,https://www.manhwatonovel.com/novela/trascendencia-debido-a-un-error-del-sistema/
tres-mil-noches,B,https://www.manhwatonovel.com/novela/tres-mil-noches/
tsuihou-sareta-renkinjutsushi-adult-toys-de-sekai-wo-sukuu-donna-monster-demo-ze,B,https://www.manhwatonovel.com/novela/tsuihou-sareta-renkinjutsushi-adult-toys-de-sekai-wo-sukuu-donna-monster-demo-ze/
tutoria-sospechosa,B,https://www.manhwatonovel.com/novela/tutoria-sospechosa/
tutorial-de-amor,B,https://www.manhwatonovel.com/novela/tutorial-de-amor/
un-delincuente-enamorado,B,https://www.manhwatonovel.com/novela/un-delincuente-enamorado/
un-hombre-moderno-que-cayo-en-el-murim,B,https://www.manhwatonovel.com/novela/un-hombre-moderno-que-cayo-en-el-murim/
un-pequeno-mundo-lleno-de-diversion,B,https://www.manhwatonovel.com/novela/un-pequeno-mundo-lleno-de-diversion/
una-casualidad-intencional,B,https://www.manhwatonovel.com/novela/una-casualidad-intencional/
una-familia-de-tres,B,https://www.manhwatonovel.com/novela/una-familia-de-tres/
una-mujer-peligrosa-se-convirtio-en-mi-novia,B,https://www.manhwatonovel.com/novela/una-mujer-peligrosa-se-convirtio-en-mi-novia/
una-navidad-demasiado-caliente,B,https://www.manhwatonovel.com/novela/una-navidad-demasiado-caliente/
una-pizca-de-amor,B,https://www.manhwatonovel.com/novela/una-pizca-de-amor/
una-senora-del-vecindario,B,https://www.manhwatonovel.com/novela/una-senora-del-vecindario/
una-venganza-muy-privada,B,https://www.manhwatonovel.com/novela/una-venganza-muy-privada/
venganza-bajo-el-kendogi,B,https://www.manhwatonovel.com/novela/venganza-bajo-el-kendogi/
vida-facil-en-una-isla-desierta-de-otro-mundo-parece-que-solo-yo-que-elegi-la-ha,B,https://www.manhwatonovel.com/novela/vida-facil-en-una-isla-desierta-de-otro-mundo-parece-que-solo-yo-que-elegi-la-ha/
villana-nivel-99-tal-vez-sea-el-jefe-oculto-pero-no-soy-el-rey-demonio,B,https://www.manhwatonovel.com/novela/villana-nivel-99-tal-vez-sea-el-jefe-oculto-pero-no-soy-el-rey-demonio/
viviendo-con-un-doberman-peligroso,B,https://www.manhwatonovel.com/novela/viviendo-con-un-doberman-peligroso/
watashi-ga-motenai-no-wa-dou-kangaetemo-omaera-ga-warui-it-s-not-my-fault-that-i,B,https://www.manhwatonovel.com/novela/watashi-ga-motenai-no-wa-dou-kangaetemo-omaera-ga-warui-it-s-not-my-fault-that-i/
wizard-of-the-abyss,B,https://www.manhwatonovel.com/novela/wizard-of-the-abyss/
ya-complete-las-rutas-de-conquista-pero-mi-harem-no-me-quiere,B,https://www.manhwatonovel.com/novela/ya-complete-las-rutas-de-conquista-pero-mi-harem-no-me-quiere/
yamiochi-ultimo-jefe-reijou-no-osananajimi-ni-tensei-shita-ore-ga-shindara-bad-e,B,https://www.manhwatonovel.com/novela/yamiochi-ultimo-jefe-reijou-no-osananajimi-ni-tensei-shita-ore-ga-shindara-bad-e/
yatta-ne-tae-chan,B,https://www.manhwatonovel.com/novela/yatta-ne-tae-chan/
yo-no-sere-cenicienta,B,https://www.manhwatonovel.com/novela/yo-no-sere-cenicienta/
yo-solo-aplasto-el-mundo-caotico,B,https://www.manhwatonovel.com/novela/yo-solo-aplasto-el-mundo-caotico/
yo-solo-corte-el-mundo-caotico,B,https://www.manhwatonovel.com/novela/yo-solo-corte-el-mundo-caotico/
yo-solo-soy-el-verdadero-chaebol,B,https://www.manhwatonovel.com/novela/yo-solo-soy-el-verdadero-chaebol/
yo-soy-el-dao-celestial,B,https://www.manhwatonovel.com/novela/yo-soy-el-dao-celestial/
yo-soy-la-muerte,B,https://www.manhwatonovel.com/novela/yo-soy-la-muerte/
yo-soy-la-villana,B,https://www.manhwatonovel.com/novela/yo-soy-la-villana/
